"California Edition for November 16, 2017",delivery,,no-reply@morningagclips.com,andy.aayush@ithands.biz,"Nov 16, 2017 - 7:21 AM"
"Colorado Edition for November 16, 2017",delivery,,no-reply@morningagclips.com,andy.aayush@ithands.biz,"Nov 16, 2017 - 7:10 AM"
"North Dakota Edition for November 16, 2017",delivery,,no-reply@morningagclips.com,andy.aayush@ithands.biz,"Nov 16, 2017 - 7:00 AM"
"South Dakota Edition for November 16, 2017",delivery,,no-reply@morningagclips.com,andy.aayush@ithands.biz,"Nov 16, 2017 - 6:50 AM"
"Texas Edition for November 16, 2017",delivery,,no-reply@morningagclips.com,andy.aayush@ithands.biz,"Nov 16, 2017 - 6:41 AM"
"Oklahoma Edition for November 16, 2017",delivery,,no-reply@morningagclips.com,andy.aayush@ithands.biz,"Nov 16, 2017 - 6:30 AM"
"Kansas Edition for November 16, 2017",delivery,,no-reply@morningagclips.com,andy.aayush@ithands.biz,"Nov 16, 2017 - 6:21 AM"
"Nebraska Edition for November 16, 2017",delivery,,no-reply@morningagclips.com,andy.aayush@ithands.biz,"Nov 16, 2017 - 6:11 AM"
"Missouri Edition for November 16, 2017",delivery,,no-reply@morningagclips.com,andy.aayush@ithands.biz,"Nov 16, 2017 - 6:01 AM"
"Iowa Edition for November 16, 2017",delivery,,no-reply@morningagclips.com,andy.aayush@ithands.biz,"Nov 16, 2017 - 5:51 AM"
"Minnesota Edition for November 16, 2017",delivery,,no-reply@morningagclips.com,andy.aayush@ithands.biz,"Nov 16, 2017 - 5:41 AM"
"Wisconsin Edition for November 16, 2017",delivery,,no-reply@morningagclips.com,andy.aayush@ithands.biz,"Nov 16, 2017 - 5:30 AM"
"Indiana Edition for November 16, 2017",delivery,,no-reply@morningagclips.com,andy.aayush@ithands.biz,"Nov 16, 2017 - 5:24 AM"
"Illinois Edition for November 16, 2017",delivery,,no-reply@morningagclips.com,andy.aayush@ithands.biz,"Nov 16, 2017 - 5:20 AM"
"Kentucky Edition for November 16, 2017",delivery,,no-reply@morningagclips.com,andy.aayush@ithands.biz,"Nov 16, 2017 - 5:00 AM"
"Florida Edition for November 16, 2017",delivery,,no-reply@morningagclips.com,andy.aayush@ithands.biz,"Nov 16, 2017 - 4:41 AM"
"South Carolina Edition for November 16, 2017",delivery,,no-reply@morningagclips.com,andy.aayush@ithands.biz,"Nov 16, 2017 - 4:20 AM"
"North Carolina Edition for November 16, 2017",delivery,,no-reply@morningagclips.com,andy.aayush@ithands.biz,"Nov 16, 2017 - 4:10 AM"
"Michigan Edition for November 16, 2017",delivery,,no-reply@morningagclips.com,andy.aayush@ithands.biz,"Nov 16, 2017 - 4:00 AM"
"Ohio Edition for November 16, 2017",delivery,,no-reply@morningagclips.com,andy.aayush@ithands.biz,"Nov 16, 2017 - 3:50 AM"
"New England Edition for November 16, 2017",delivery,,no-reply@morningagclips.com,andy.aayush@ithands.biz,"Nov 16, 2017 - 3:41 AM"
"Pennsylvania Edition for November 16, 2017",delivery,,no-reply@morningagclips.com,andy.aayush@ithands.biz,"Nov 16, 2017 - 3:30 AM"
"New Jersey Edition for November 16, 2017",delivery,,no-reply@morningagclips.com,andy.aayush@ithands.biz,"Nov 16, 2017 - 3:24 AM"
"DelMarVa Edition for November 16, 2017",delivery,,no-reply@morningagclips.com,andy.aayush@ithands.biz,"Nov 16, 2017 - 3:11 AM"
"New York Edition for November 16, 2017",delivery,,no-reply@morningagclips.com,andy.aayush@ithands.biz,"Nov 16, 2017 - 3:01 AM"
